"312977","1358139600","1358744400","519"
"312979","1358139600","1358744400","439"
"312980","1358139600","1358744400","645"
"312982","1358139600","1358744400","484"
"312983","1358139600","1358744400","438"
"312984","1358139600","1358744400","674"
"312993","1358139600","1358744400","541"
"312994","1358139600","1358744400","469"
"312995","1358139600","1358744400","454"
"312996","1358139600","1358744400","1026"
"313042","1358139600","1358744400","447"
"313043","1358139600","1358744400","460"
"313044","1358139600","1358744400","641"
"313045","1358139600","1358744400","532"
"313048","1358139600","1358744400","659"
"313050","1358139600","1358744400","470"
"313051","1358139600","1358744400","448"
"313053","1358139600","1358744400","591"
"313054","1358139600","1358744400","437"
"313055","1358139600","1358744400","450"
"313065","1358139600","1358744400","555"
"313066","1358139600","1358744400","461"
"313067","1358139600","1358744400","462"
"313522","1358139600","1358744400","449"
"313526","1358139600","1358744400","444"
"313531","1358139600","1358744400","500"
"313532","1358139600","1358744400","596"
"313533","1358139600","1358744400","457"
"313534","1358139600","1358744400","453"
"313535","1358139600","1358744400","489"
"313536","1358139600","1358744400","591"
"313537","1358139600","1358744400","448"
"313538","1358139600","1358744400","450"
"313539","1358139600","1358744400","490"
"313540","1358139600","1358744400","588"
"313541","1358139600","1358744400","451"
"313542","1358139600","1358744400","816"
"313543","1358139600","1358744400","485"
"313544","1358139600","1358744400","766"
"313545","1358139600","1358744400","622"
"313546","1358139600","1358744400","530"
"313547","1358139600","1358744400","509"
"313548","1358139600","1358744400","760"
"313549","1358139600","1358744400","618"
"313550","1358139600","1358744400","525"
"313551","1358139600","1358744400","540"
"313552","1358139600","1358744400","772"
"313553","1358139600","1358744400","607"
"313554","1358139600","1358744400","531"
"313555","1358139600","1358744400","511"
"313556","1358139600","1358744400","799"
"313557","1358139600","1358744400","643"
"313629","1358139600","1358744400","437"
"313631","1358139600","1358744400","489"
"313633","1358139600","1358744400","595"
"313634","1358139600","1358744400","508"
"313636","1358139600","1358744400","728"
"313637","1358139600","1358744400","610"
"313638","1358139600","1358744400","499"
"313639","1358139600","1358744400","483"
"313640","1358139600","1358744400","675"
"313641","1358139600","1358744400","591"
"313642","1358139600","1358744400","506"
"313643","1358139600","1358744400","481"
"313644","1358139600","1358744400","640"
"313646","1358139600","1358744400","515"
"313647","1358139600","1358744400","494"
"313648","1358139600","1358744400","722"
"313649","1358139600","1358744400","606"
"313650","1358139600","1358744400","523"
"313651","1358139600","1358744400","507"
"313653","1358139600","1358744400","778"
"313654","1358139600","1358744400","654"
"313656","1358139600","1358744400","1004"
"313657","1358139600","1358744400","841"
"313658","1358139600","1358744400","687"
"313659","1358139600","1358744400","674"
"313660","1358139600","1358744400","990"
"313661","1358139600","1358744400","799"
"313662","1358139600","1358744400","689"
"313663","1358139600","1358744400","677"
"313664","1358139600","1358744400","1005"
"313665","1358139600","1358744400","810"
"313666","1358139600","1358744400","681"
"313667","1358139600","1358744400","1057"
"313668","1358139600","1358744400","1000"
"313669","1358139600","1358744400","869"
"313670","1358139600","1358744400","687"
"313671","1358139600","1358744400","579"
"313672","1358139600","1358744400","988"
"313673","1358139600","1358744400","809"
"313674","1358139600","1358744400","692"
"313675","1358139600","1358744400","716"
"313676","1358139600","1358744400","1001"
"313677","1358139600","1358744400","801"
"313678","1358139600","1358744400","702"
"313680","1358139600","1358744400","1012"
"313681","1358139600","1358744400","820"
"313682","1358139600","1358744400","656"
"313683","1358139600","1358744400","691"
"313684","1358139600","1358744400","989"
"313685","1358139600","1358744400","776"
"313686","1358139600","1358744400","679"
"313687","1358139600","1358744400","690"
"313688","1358139600","1358744400","979"
"313689","1358139600","1358744400","815"
"313690","1358139600","1358744400","698"
"313691","1358139600","1358744400","696"
"313692","1358139600","1358744400","985"
"313693","1358139600","1358744400","812"
"313694","1358139600","1358744400","708"
"313695","1358139600","1358744400","690"
"313759","1358139600","1358744400","494"
"313987","1358139600","1358744400","497"
"313988","1358139600","1358744400","727"
"313989","1358139600","1358744400","780"
"313991","1358139600","1358744400","654"
"314026","1358139600","1358744400","407"
"314027","1358139600","1358744400","522"
"314028","1358139600","1358744400","537"
"314029","1358139600","1358744400","419"
"332294","1358139600","1358744400","687"
"332295","1358139600","1358744400","680"
"332296","1358139600","1358744400","997"
"332297","1358139600","1358744400","621"
"334131","1358139600","1358744400","2121"
"334133","1358139600","1358744400","585"
"334134","1358139600","1358744400","394"
"334135","1358139600","1358744400","358"
"334136","1358139600","1358744400","522"
"334137","1358139600","1358744400","455"
"334138","1358139600","1358744400","400"
"334139","1358139600","1358744400","225"
"334142","1358139600","1358744400","368"
"334143","1358139600","1358744400","370"
"334144","1358139600","1358744400","586"
"334145","1358139600","1358744400","452"
"334146","1358139600","1358744400","375"
"334147","1358139600","1358744400","371"
"334148","1358139600","1358744400","461"
"334149","1358139600","1358744400","384"
"334150","1358139600","1358744400","370"
"334151","1358139600","1358744400","350"
"334153","1358139600","1358744400","425"
"334154","1358139600","1358744400","439"
"334155","1358139600","1358744400","358"
"334156","1358139600","1358744400","542"
"334157","1358139600","1358744400","621"
"334160","1358139600","1358744400","688"
"334161","1358139600","1358744400","658"
"334162","1358139600","1358744400","598"
"334163","1358139600","1358744400","599"
"334164","1358139600","1358744400","740"
"334165","1358139600","1358744400","459"
"334166","1358139600","1358744400","376"
"334167","1358139600","1358744400","381"
"334168","1358139600","1358744400","454"
"334169","1358139600","1358744400","197"
"334170","1358139600","1358744400","492"
"334171","1358139600","1358744400","542"
"334172","1358139600","1358744400","775"
"334176","1358139600","1358744400","1103"
"334177","1358139600","1358744400","884"
"334181","1358139600","1358744400","828"
"334182","1358139600","1358744400","672"
"334183","1358139600","1358744400","605"
"334186","1358139600","1358744400","669"
"334189","1358139600","1358744400","657"
"334190","1358139600","1358744400","400"
"334191","1358139600","1358744400","484"
"334192","1358139600","1358744400","504"
"334196","1358139600","1358744400","2188"
"334197","1358139600","1358744400","469"
"334198","1358139600","1358744400","447"
"334199","1358139600","1358744400","435"
"334200","1358139600","1358744400","568"
"334201","1358139600","1358744400","377"
"334204","1358139600","1358744400","575"
"334205","1358139600","1358744400","3869"
"334206","1358139600","1358744400","393"
"334207","1358139600","1358744400","532"
"334208","1358139600","1358744400","580"
"334209","1358139600","1358744400","453"
"334210","1358139600","1358744400","449"
"334211","1358139600","1358744400","493"
"334212","1358139600","1358744400","566"
"334213","1358139600","1358744400","440"
"334214","1358139600","1358744400","443"
"334215","1358139600","1358744400","489"
"334216","1358139600","1358744400","585"
"334217","1358139600","1358744400","443"
"334218","1358139600","1358744400","447"
"334219","1358139600","1358744400","487"
"334220","1358139600","1358744400","580"
"334221","1358139600","1358744400","488"
"334222","1358139600","1358744400","445"
"334224","1358139600","1358744400","575"
"334225","1358139600","1358744400","457"
"334226","1358139600","1358744400","376"
"334228","1358139600","1358744400","581"
"334229","1358139600","1358744400","448"
"334230","1358139600","1358744400","441"
"334231","1358139600","1358744400","471"
"334232","1358139600","1358744400","578"
"334233","1358139600","1358744400","437"
"334234","1358139600","1358744400","0"
"334235","1358139600","1358744400","433"
"334236","1358139600","1358744400","586"
"334237","1358139600","1358744400","357"
"334238","1358139600","1358744400","443"
"334240","1358139600","1358744400","561"
"334242","1358139600","1358744400","532"
"334243","1358139600","1358744400","445"
"334246","1358139600","1358744400","588"
"334247","1358139600","1358744400","518"
"334248","1358139600","1358744400","763"
"334249","1358139600","1358744400","555"
"334250","1358139600","1358744400","859"
"334251","1358139600","1358744400","855"
"334252","1358139600","1358744400","1243"
"334253","1358139600","1358744400","1006"
"334254","1358139600","1358744400","523"
"334255","1358139600","1358744400","631"
"334257","1358139600","1358744400","615"
"334258","1358139600","1358744400","512"
"334259","1358139600","1358744400","521"
"334260","1358139600","1358744400","765"
"334261","1358139600","1358744400","619"
"334262","1358139600","1358744400","521"
"334263","1358139600","1358744400","509"
"334264","1358139600","1358744400","1010"
"334265","1358139600","1358744400","625"
"334266","1358139600","1358744400","446"
"334267","1358139600","1358744400","514"
"334268","1358139600","1358744400","761"
"334269","1358139600","1358744400","621"
"334270","1358139600","1358744400","530"
"334272","1358139600","1358744400","701"
"334273","1358139600","1358744400","764"
"334274","1358139600","1358744400","482"
"334275","1358139600","1358744400","431"
"334277","1358139600","1358744400","625"
"334280","1358139600","1358744400","830"
"334283","1358139600","1358744400","672"
"334284","1358139600","1358744400","921"
"334285","1358139600","1358744400","845"
"334286","1358139600","1358744400","985"
"334287","1358139600","1358744400","739"
"334288","1358139600","1358744400","695"
"334289","1358139600","1358744400","559"
"334290","1358139600","1358744400","483"
"334291","1358139600","1358744400","491"
"334292","1358139600","1358744400","758"
"334293","1358139600","1358744400","645"
"334294","1358139600","1358744400","490"
"334295","1358139600","1358744400","513"
"334296","1358139600","1358744400","739"
"334298","1358139600","1358744400","749"
"334299","1358139600","1358744400","656"
"334300","1358139600","1358744400","775"
"334301","1358139600","1358744400","605"
"334302","1358139600","1358744400","481"
"334303","1358139600","1358744400","943"
"334304","1358139600","1358744400","899"
"334305","1358139600","1358744400","734"
"334306","1358139600","1358744400","710"
"334307","1358139600","1358744400","498"
"334308","1358139600","1358744400","727"
"334309","1358139600","1358744400","610"
"334310","1358139600","1358744400","423"
"334311","1358139600","1358744400","510"
"334312","1358139600","1358744400","763"
"334313","1358139600","1358744400","555"
"334314","1358139600","1358744400","496"
"334315","1358139600","1358744400","663"
"334316","1358139600","1358744400","795"
"334317","1358139600","1358744400","791"
"334319","1358139600","1358744400","512"
"334320","1358139600","1358744400","731"
"334321","1358139600","1358744400","635"
"334322","1358139600","1358744400","513"
"334323","1358139600","1358744400","992"
"334324","1358139600","1358744400","733"
"334325","1358139600","1358744400","586"
"334326","1358139600","1358744400","536"
"334327","1358139600","1358744400","664"
"334328","1358139600","1358744400","891"
"334329","1358139600","1358744400","806"
"334330","1358139600","1358744400","633"
"334331","1358139600","1358744400","734"
"334333","1358139600","1358744400","598"
"334335","1358139600","1358744400","495"
"334336","1358139600","1358744400","716"
"334337","1358139600","1358744400","592"
"334338","1358139600","1358744400","512"
"334340","1358139600","1358744400","760"
"334341","1358139600","1358744400","561"
"334343","1358139600","1358744400","526"
"334344","1358139600","1358744400","753"
"334345","1358139600","1358744400","830"
"334346","1358139600","1358744400","484"
"334348","1358139600","1358744400","985"
"334349","1358139600","1358744400","447"
"334350","1358139600","1358744400","485"
"343881","1358139600","1358744400","837"
"343882","1358139600","1358744400","798"
"343883","1358139600","1358744400","762"
"431387","1358139600","1358744400","295"
"431388","1358139600","1358744400","481"
"470915","1358139600","1358744400","587"
"486907","1358139600","1358744400","481"
"493697","1358139600","1358744400","517"
"570361","1358139600","1358744400","1346"
"600136","1358139600","1358744400","385"
"600137","1358139600","1358744400","615"
"600138","1358139600","1358744400","518"
"600139","1358139600","1358744400","279"
"600140","1358139600","1358744400","523"
"600141","1358139600","1358744400","618"
"600142","1358139600","1358744400","494"
"600143","1358139600","1358744400","617"
"600144","1358139600","1358744400","396"
"600145","1358139600","1358744400","4375"
"600147","1358139600","1358744400","668"
"600148","1358139600","1358744400","593"
"600150","1358139600","1358744400","2631"
"600151","1358139600","1358744400","382"
"600152","1358139600","1358744400","461"
"600153","1358139600","1358744400","503"
"600155","1358139600","1358744400","600"
"600156","1358139600","1358744400","579"
"600158","1358139600","1358744400","577"
"600159","1358139600","1358744400","508"
"600160","1358139600","1358744400","1164"
"600161","1358139600","1358744400","523"
"600162","1358139600","1358744400","559"
"600163","1358139600","1358744400","449"
"600164","1358139600","1358744400","673"
"600231","1358139600","1358744400","439"
"600232","1358139600","1358744400","1783"
"600233","1358139600","1358744400","569"
"600234","1358139600","1358744400","1089"
"600236","1358139600","1358744400","409"
"600237","1358139600","1358744400","581"
"600238","1358139600","1358744400","2465"
"600239","1358139600","1358744400","416"
"600240","1358139600","1358744400","493"
"600241","1358139600","1358744400","626"
"600242","1358139600","1358744400","488"
"600896","1358139600","1358744400","650"
"600897","1358139600","1358744400","623"
"600898","1358139600","1358744400","430"
"600899","1358139600","1358744400","764"
"600900","1358139600","1358744400","607"
"600901","1358139600","1358744400","631"
"600902","1358139600","1358744400","542"
"600903","1358139600","1358744400","622"
"600904","1358139600","1358744400","622"
"600905","1358139600","1358744400","505"
"600906","1358139600","1358744400","292"
"600907","1358139600","1358744400","296"
"600908","1358139600","1358744400","287"
"600909","1358139600","1358744400","308"
"600910","1358139600","1358744400","480"
"600911","1358139600","1358744400","459"
"600912","1358139600","1358744400","585"
"600913","1358139600","1358744400","519"
"600914","1358139600","1358744400","587"
"600915","1358139600","1358744400","411"
"600916","1358139600","1358744400","411"
"600917","1358139600","1358744400","540"
"600918","1358139600","1358744400","449"
"600919","1358139600","1358744400","777"
"600920","1358139600","1358744400","771"
"600921","1358139600","1358744400","409"
"600922","1358139600","1358744400","531"
"600923","1358139600","1358744400","515"
"600924","1358139600","1358744400","436"
"600925","1358139600","1358744400","928"
"600926","1358139600","1358744400","985"
"600927","1358139600","1358744400","555"
"600928","1358139600","1358744400","584"
"600929","1358139600","1358744400","454"
"600931","1358139600","1358744400","569"
"600932","1358139600","1358744400","580"
"600933","1358139600","1358744400","566"
"600934","1358139600","1358744400","904"
"600935","1358139600","1358744400","585"
"607017","1358139600","1358744400","442"
"607018","1358139600","1358744400","614"
"607019","1358139600","1358744400","1121"
"607020","1358139600","1358744400","441"
"607021","1358139600","1358744400","685"
"607022","1358139600","1358744400","450"
"607023","1358139600","1358744400","805"
"607024","1358139600","1358744400","1476"
"607025","1358139600","1358744400","404"
"607026","1358139600","1358744400","489"
"607027","1358139600","1358744400","584"
"607028","1358139600","1358744400","484"
"607029","1358139600","1358744400","491"
"607030","1358139600","1358744400","569"
"607031","1358139600","1358744400","453"
"607032","1358139600","1358744400","574"
"607033","1358139600","1358744400","527"
"607034","1358139600","1358744400","447"
"607035","1358139600","1358744400","418"
"607053","1358139600","1358744400","420"
"612653","1358139600","1358744400","409"
"623217","1358139600","1358744400","469"
"623462","1358139600","1358744400","588"
"623469","1358139600","1358744400","449"
"625604","1358139600","1358744400","763"
"625606","1358139600","1358744400","5688"
"625607","1358139600","1358744400","594"
"627658","1358139600","1358744400","63"
"629977","1358139600","1358744400","674"
"631155","1358139600","1358744400","83"
"631532","1358139600","1358744400","454"
"634040","1358139600","1358744400","446"
"634043","1358139600","1358744400","434"
"634045","1358139600","1358744400","438"
"634273","1358139600","1358744400","409"
"634274","1358139600","1358744400","538"
"634277","1358139600","1358744400","532"
"634280","1358139600","1358744400","427"
"634282","1358139600","1358744400","435"
"634284","1358139600","1358744400","405"
"634286","1358139600","1358744400","410"
"634289","1358139600","1358744400","524"
"634292","1358139600","1358744400","416"
"634295","1358139600","1358744400","442"
"634296","1358139600","1358744400","436"
"637224","1358139600","1358744400","95"
"637270","1358139600","1358744400","412"
"637273","1358139600","1358744400","469"
"637275","1358139600","1358744400","522"
"637278","1358139600","1358744400","0"
"637281","1358139600","1358744400","469"
"637285","1358139600","1358744400","451"
"641260","1358139600","1358744400","952"
"641872","1358139600","1358744400","517"
"641874","1358139600","1358744400","487"
"641875","1358139600","1358744400","492"
"641877","1358139600","1358744400","913"
"643980","1358139600","1358744400","1201"
"645326","1358139600","1358744400","550"
"655570","1358139600","1358744400","786"
"657609","1358139600","1358744400","167"
"657642","1358139600","1358744400","165"
"669087","1358139600","1358744400","601"
"674445","1358139600","1358744400","293"
"674788","1358139600","1358744400","2241"
"682413","1358139600","1358744400","603"
"692446","1358139600","1358744400","71"
"692449","1358139600","1358744400","90"
"692452","1358139600","1358744400","263"
"693175","1358139600","1358744400","554"
"693179","1358139600","1358744400","1057"
"693311","1358139600","1358744400","786"
"693313","1358139600","1358744400","528"
"693322","1358139600","1358744400","600"
"693325","1358139600","1358744400","547"
"693329","1358139600","1358744400","670"
"693337","1358139600","1358744400","1108"
"693341","1358139600","1358744400","796"
"693354","1358139600","1358744400","537"
"693359","1358139600","1358744400","616"
"693362","1358139600","1358744400","816"
"693365","1358139600","1358744400","744"
"693369","1358139600","1358744400","361"
"696403","1358139600","1358744400","488"
"696404","1358139600","1358744400","491"
"705888","1358139600","1358744400","1805"
"707264","1358139600","1358744400","619"
"707843","1358139600","1358744400","992"
"707844","1358139600","1358744400","1126"
"714392","1358139600","1358744400","564"
"723004","1358139600","1358744400","1260"
"728031","1358139600","1358744400","1064"
"734029","1358139600","1358744400","533"
"734082","1358139600","1358744400","559"
"735853","1358139600","1358744400","559"
"{"error":{"statuscode":403,"statusdesc":"Forbidden"}}607053{"summary":{"responsetime":{"to":1359694800,"from":1357016400","465"
"{"summary":{"responsetime":{"to":1359694800,"from":1357016400","465"
