<?xml version="1.0" encoding="UTF-8"?>
<queues>
	<queue name="D2L.AP.S3.Analysis.PredictiveModeling" message-count="0" dead-message-count="0" time-queued="00:00:00"/>
	<queue name="D2L.eP.Domain.Events.AutoShare" message-count="0" dead-message-count="0" time-queued="00:00:00"/>
	<queue name="D2L.LP.Communication.ExternalEmail.Outgoing" message-count="0" dead-message-count="0" time-queued="00:00:00"/>
	<queue name="D2L.LP.Distributed.Events.Broadcasting.Queue" message-count="0" dead-message-count="0" time-queued="00:00:00"/>
	<queue name="D2L.LP.DocumentViewers.FileDocuments.Now" message-count="0" dead-message-count="0" time-queued="00:00:00"/>
	<queue name="D2L.LP.DocumentViewers.FileDocuments.Soon" message-count="0" dead-message-count="0" time-queued="00:00:00"/>
	<queue name="D2L.LP.Notifications.Carriers.Email.Outgoing" message-count="0" dead-message-count="0" time-queued="00:00:00"/>
	<queue name="D2L.LP.Notifications.Digest" message-count="0" dead-message-count="0" time-queued="00:00:00"/>
	<queue name="D2L.LP.Notifications.Instant" message-count="0" dead-message-count="0" time-queued="00:00:00"/>
	<queue name="D2L.LP.Distributed.Events#D2L.AP.S3.Analysis.Service.PredictiveModelingAbortEvent,D2L.AP.S3" message-count="0" dead-message-count="0" time-queued="00:00:00"/>
	<queue name="D2L.LP.Distributed.Events#D2L.Core.JobManagement.Events.JobAbortRequested,D2L.Core.JobManagement" message-count="3" dead-message-count="0" time-queued="00:00:00"/>
	<queue name="D2L.LP.Distributed.Events#D2L.eP.Domain.Events.AutoShare.LifecycleEvent,D2L.eP.Domain" message-count="0" dead-message-count="234" time-queued="00:00:00"/>
	<queue name="D2L.LP.Distributed.Events#D2L.eP.Domain.Events.AutoShare.ProcessAutoShareEvent,D2L.eP.Domain" message-count="4" dead-message-count="0" time-queued="00:00:00"/>
	<queue name="D2L.LP.Distributed.Events#D2L.eP.Domain.Events.Invites.SendInviteEvent,D2L.eP.Domain" message-count="0" dead-message-count="0" time-queued="00:00:00"/>
	<queue name="D2L.LP.Distributed.Events#D2L.eP.Domain.Events.ObjectAssessmentEvent,D2L.eP.Domain" message-count="10" dead-message-count="0" time-queued="00:00:00"/>
	<queue name="D2L.LP.Distributed.Events#D2L.eP.Domain.Events.ObjectCommentEvent,D2L.eP.Domain" message-count="234" dead-message-count="0" time-queued="00:00:00"/>
	<queue name="D2L.LP.Distributed.Events#D2L.eP.Domain.Events.ObjectSubscriptionEvent,D2L.eP.Domain" message-count="0" dead-message-count="0" time-queued="00:00:00"/>
	<queue name="D2L.LP.Distributed.Events#D2L.eP.Domain.Events.UserSubscriptionEvent,D2L.eP.Domain" message-count="0" dead-message-count="0" time-queued="00:00:00"/>
	<queue name="D2L.LP.Distributed.Events#D2L.eP.ImportExport.Events.InitImportEvent,D2L.eP.ImportExport" message-count="0" dead-message-count="0" time-queued="00:00:00"/>
	<queue name="D2L.LP.Distributed.Events#D2L.Import.Events.ConversionImportJobCompleted,D2L.LE.Import" message-count="0" dead-message-count="0" time-queued="00:00:00"/>
	<queue name="D2L.LP.Distributed.Events#D2L.LE.Assessments.Assessments.Events.AssessmentRemovedEvent,D2L.LE.Assessments" message-count="0" dead-message-count="0" time-queued="00:00:00"/>
	<queue name="D2L.LP.Distributed.Events#D2L.LE.Assessments.Assessments.Events.AssessmentUpdatedEvent,D2L.LE.Assessments" message-count="0" dead-message-count="0" time-queued="00:00:00"/>
	<queue name="D2L.LP.Distributed.Events#D2L.LE.Assessments.Submissions.Events.SubmissionRemovedEvent,D2L.LE.Assessments" message-count="0" dead-message-count="0" time-queued="00:00:00"/>
	<queue name="D2L.LP.Distributed.Events#D2L.LE.Assessments.Submissions.Events.SubmissionUpdatedEvent,D2L.LE.Assessments" message-count="0" dead-message-count="0" time-queued="00:00:00"/>
	<queue name="D2L.LP.Distributed.Events#D2L.LE.Calendar.Events.CalendarOccurrenceBulkCreate,D2L.LE.Schedule" message-count="0" dead-message-count="0" time-queued="00:00:00"/>
	<queue name="D2L.LP.Distributed.Events#D2L.LE.Chat.Events.ChatMessageSentEvent,D2L.LE.Chat" message-count="0" dead-message-count="0" time-queued="00:00:00"/>
	<queue name="D2L.LP.Distributed.Events#D2L.LE.Checklist.Events.ChecklistItemAddedEvent,D2L.LE.Checklist" message-count="0" dead-message-count="0" time-queued="00:00:00"/>
	<queue name="D2L.LP.Distributed.Events#D2L.LE.Checklist.Events.ChecklistItemCheckedEvent,D2L.LE.Checklist" message-count="0" dead-message-count="0" time-queued="00:00:00"/>
	<queue name="D2L.LP.Distributed.Events#D2L.LE.Checklist.Events.ChecklistItemRemovedEvent,D2L.LE.Checklist" message-count="0" dead-message-count="0" time-queued="00:00:00"/>
	<queue name="D2L.LP.Distributed.Events#D2L.LE.Checklist.Events.ChecklistItemUncheckedEvent,D2L.LE.Checklist" message-count="0" dead-message-count="0" time-queued="00:00:00"/>
	<queue name="D2L.LP.Distributed.Events#D2L.LE.Content.Domain.Editing.Entities.Module.Events.ContentModuleCreateEvent,D2L.LE.Content" message-count="0" dead-message-count="0" time-queued="00:00:00"/>
	<queue name="D2L.LP.Distributed.Events#D2L.LE.Content.Domain.Editing.Entities.Module.Events.ContentModuleDeleteEvent,D2L.LE.Content" message-count="0" dead-message-count="0" time-queued="00:00:00"/>
	<queue name="D2L.LP.Distributed.Events#D2L.LE.Content.Domain.Editing.Entities.Module.Events.ContentModuleUpdateEvent,D2L.LE.Content" message-count="0" dead-message-count="0" time-queued="00:00:00"/>
	<queue name="D2L.LP.Distributed.Events#D2L.LE.Content.Domain.Editing.Entities.Topic.Events.ContentTopicCreateEvent,D2L.LE.Content" message-count="0" dead-message-count="0" time-queued="00:00:00"/>
	<queue name="D2L.LP.Distributed.Events#D2L.LE.Content.Domain.Editing.Entities.Topic.Events.ContentTopicDeleteEvent,D2L.LE.Content" message-count="0" dead-message-count="0" time-queued="00:00:00"/>
	<queue name="D2L.LP.Distributed.Events#D2L.LE.Content.Domain.Editing.Entities.Topic.Events.ContentTopicUpdateEvent,D2L.LE.Content" message-count="0" dead-message-count="0" time-queued="00:00:00"/>
	<queue name="D2L.LP.Distributed.Events#D2L.LE.Content.Events.TopicViewedEvent,D2L.LE.Content" message-count="0" dead-message-count="0" time-queued="00:00:00"/>
	<queue name="D2L.LP.Distributed.Events#D2L.LE.Content.Notifications.Events.ContentUpdated.ContentUpdatedEvent,D2L.LE.Content" message-count="0" dead-message-count="0" time-queued="00:00:00"/>
	<queue name="D2L.LP.Distributed.Events#D2L.LE.Content.Notifications.Events.ContentUpdatedUser.ContentUpdatedUserEvent,D2L.LE.Content" message-count="0" dead-message-count="0" time-queued="00:00:00"/>
	<queue name="D2L.LP.Distributed.Events#D2L.LE.Discussions.Events.Post.PostApproved,D2L.LE.Discussions" message-count="0" dead-message-count="0" time-queued="00:00:00"/>
	<queue name="D2L.LP.Distributed.Events#D2L.LE.Discussions.Events.Post.PostCreated,D2L.LE.Discussions" message-count="0" dead-message-count="0" time-queued="00:00:00"/>
	<queue name="D2L.LP.Distributed.Events#D2L.LE.Discussions.Events.Post.PostDeleted,D2L.LE.Discussions" message-count="0" dead-message-count="0" time-queued="00:00:00"/>
	<queue name="D2L.LP.Distributed.Events#D2L.LE.Discussions.Events.Post.PostUnapproved,D2L.LE.Discussions" message-count="0" dead-message-count="0" time-queued="00:00:00"/>
	<queue name="D2L.LP.Distributed.Events#D2L.LE.Discussions.Events.Post.PostUndeleted,D2L.LE.Discussions" message-count="0" dead-message-count="0" time-queued="00:00:00"/>
	<queue name="D2L.LP.Distributed.Events#D2L.LE.Discussions.Events.Topic.TopicCreateEvent,D2L.LE.Discussions" message-count="0" dead-message-count="0" time-queued="00:00:00"/>
	<queue name="D2L.LP.Distributed.Events#D2L.LE.Discussions.Events.Topic.TopicDeleteEvent,D2L.LE.Discussions" message-count="0" dead-message-count="0" time-queued="00:00:00"/>
	<queue name="D2L.LP.Distributed.Events#D2L.LE.Discussions.Events.Topic.TopicUpdateEvent,D2L.LE.Discussions" message-count="0" dead-message-count="0" time-queued="00:00:00"/>
	<queue name="D2L.LP.Distributed.Events#D2L.LE.Dropbox.Domain.Entities.Dropbox.Events.DropboxCreateEvent,D2L.LE.Dropbox" message-count="0" dead-message-count="0" time-queued="00:00:00"/>
	<queue name="D2L.LP.Distributed.Events#D2L.LE.Dropbox.Domain.Entities.Dropbox.Events.DropboxDeleteEvent,D2L.LE.Dropbox" message-count="0" dead-message-count="0" time-queued="00:00:00"/>
	<queue name="D2L.LP.Distributed.Events#D2L.LE.Dropbox.Domain.Entities.Dropbox.Events.DropboxUpdateEvent,D2L.LE.Dropbox" message-count="0" dead-message-count="0" time-queued="00:00:00"/>
	<queue name="D2L.LP.Distributed.Events#D2L.LE.Dropbox.Domain.Entities.DropboxFile.Events.DropboxFileDeletedEvent,D2L.LE.Dropbox" message-count="0" dead-message-count="0" time-queued="00:00:00"/>
	<queue name="D2L.LP.Distributed.Events#D2L.LE.Dropbox.Domain.Entities.EntityDropbox.Events.EntityDropboxCreateEvent,D2L.LE.Dropbox" message-count="0" dead-message-count="0" time-queued="00:00:00"/>
	<queue name="D2L.LP.Distributed.Events#D2L.LE.Dropbox.Domain.Entities.EntityDropbox.Events.EntityDropboxUpdateEvent,D2L.LE.Dropbox" message-count="0" dead-message-count="0" time-queued="00:00:00"/>
	<queue name="D2L.LP.Distributed.Events#D2L.LE.Dropbox.Domain.Entities.SpecialAccess.Events.DropboxSpecialAccessCreateEvent,D2L.LE.Dropbox" message-count="0" dead-message-count="0" time-queued="00:00:00"/>
	<queue name="D2L.LP.Distributed.Events#D2L.LE.Dropbox.Domain.Entities.SpecialAccess.Events.DropboxSpecialAccessDeleteEvent,D2L.LE.Dropbox" message-count="0" dead-message-count="0" time-queued="00:00:00"/>
	<queue name="D2L.LP.Distributed.Events#D2L.LE.Dropbox.Domain.Entities.SpecialAccess.Events.DropboxSpecialAccessUpdateEvent,D2L.LE.Dropbox" message-count="0" dead-message-count="0" time-queued="00:00:00"/>
	<queue name="D2L.LP.Distributed.Events#D2L.LE.Dropbox.Domain.Entities.Submissions.Events.DropboxSubmissionCreateEvent,D2L.LE.Dropbox" message-count="0" dead-message-count="0" time-queued="00:00:00"/>
	<queue name="D2L.LP.Distributed.Events#D2L.LE.Dropbox.Domain.Entities.Submissions.Events.DropboxSubmissionDeletedEvent,D2L.LE.Dropbox" message-count="0" dead-message-count="0" time-queued="00:00:00"/>
	<queue name="D2L.LP.Distributed.Events#D2L.LE.Dropbox.Events.DropboxDueDateApproachingEvent,D2L.LE.Dropbox" message-count="0" dead-message-count="0" time-queued="00:00:00"/>
	<queue name="D2L.LP.Distributed.Events#D2L.LE.Dropbox.Events.DropboxEndDateApproachingEvent,D2L.LE.Dropbox" message-count="0" dead-message-count="0" time-queued="00:00:00"/>
	<queue name="D2L.LP.Distributed.Events#D2L.LE.Dropbox.Events.DropboxSingleUserEndDateApproachingEvent,D2L.LE.Dropbox" message-count="0" dead-message-count="0" time-queued="00:00:00"/>
	<queue name="D2L.LP.Distributed.Events#D2L.LE.Dropbox.Events.DropboxSpecialAccessDueDateApproachingEvent,D2L.LE.Dropbox" message-count="0" dead-message-count="0" time-queued="00:00:00"/>
	<queue name="D2L.LP.Distributed.Events#D2L.LE.Dropbox.Events.DropboxSpecialAccessEndDateApproachingEvent,D2L.LE.Dropbox" message-count="0" dead-message-count="0" time-queued="00:00:00"/>
	<queue name="D2L.LP.Distributed.Events#D2L.LE.Dropbox.Events.TiiDropboxCreatedEvent,D2L.LE.Dropbox" message-count="0" dead-message-count="0" time-queued="00:00:00"/>
	<queue name="D2L.LP.Distributed.Events#D2L.LE.Email.Events.NewMailEvent,D2L.LE.Email" message-count="0" dead-message-count="0" time-queued="00:00:00"/>
	<queue name="D2L.LP.Distributed.Events#D2L.LE.Grades.Events.SourceEvents.GradeAllReleased,D2L.LE.Grades" message-count="0" dead-message-count="0" time-queued="00:00:00"/>
	<queue name="D2L.LP.Distributed.Events#D2L.LE.Grades.Events.SourceEvents.GradeAllUpdated,D2L.LE.Grades" message-count="0" dead-message-count="0" time-queued="00:00:00"/>
	<queue name="D2L.LP.Distributed.Events#D2L.LE.Grades.Events.SourceEvents.GradeReleased,D2L.LE.Grades" message-count="0" dead-message-count="0" time-queued="00:00:00"/>
	<queue name="D2L.LP.Distributed.Events#D2L.LE.Grades.Events.SourceEvents.GradesVisibilityChanged,D2L.LE.Grades" message-count="0" dead-message-count="0" time-queued="00:00:00"/>
	<queue name="D2L.LP.Distributed.Events#D2L.LE.Grades.Events.SourceEvents.GradeUpdated,D2L.LE.Grades" message-count="0" dead-message-count="0" time-queued="00:00:00"/>
	<queue name="D2L.LP.Distributed.Events#D2L.LE.Grades.Events.UserEvents.GradeReleased,D2L.LE.Grades" message-count="0" dead-message-count="0" time-queued="00:00:00"/>
	<queue name="D2L.LP.Distributed.Events#D2L.LE.Grades.Events.UserEvents.GradeUpdated,D2L.LE.Grades" message-count="0" dead-message-count="0" time-queued="00:00:00"/>
	<queue name="D2L.LP.Distributed.Events#D2L.LE.Lti.Events.LtiPushResultToGradeItem,D2L.LE.Lti" message-count="0" dead-message-count="0" time-queued="00:00:00"/>
	<queue name="D2L.LP.Distributed.Events#D2L.LE.Lti.Events.LtiReplaceResult,D2L.LE.Lti" message-count="0" dead-message-count="0" time-queued="00:00:00"/>
	<queue name="D2L.LP.Distributed.Events#D2L.LE.News.Events.NewsItemAvailable,D2L.LE.News" message-count="0" dead-message-count="0" time-queued="00:00:00"/>
	<queue name="D2L.LP.Distributed.Events#D2L.LE.News.Events.NewsItemChanged,D2L.LE.News" message-count="0" dead-message-count="0" time-queued="00:00:00"/>
	<queue name="D2L.LP.Distributed.Events#D2L.LE.News.Events.NewsItemCreated,D2L.LE.News" message-count="0" dead-message-count="0" time-queued="00:00:00"/>
	<queue name="D2L.LP.Distributed.Events#D2L.LE.News.Events.NewsItemDraftStatusChanged,D2L.LE.News" message-count="0" dead-message-count="0" time-queued="00:00:00"/>
	<queue name="D2L.LP.Distributed.Events#D2L.LE.News.Events.NewsItemUpdated,D2L.LE.News" message-count="0" dead-message-count="0" time-queued="00:00:00"/>
	<queue name="D2L.LP.Distributed.Events#D2L.LE.News.Events.NewsVisibilityChanged,D2L.LE.News" message-count="0" dead-message-count="0" time-queued="00:00:00"/>
	<queue name="D2L.LP.Distributed.Events#D2L.LE.Pager.Events.NewPageEvent,D2L.LE.Pager" message-count="0" dead-message-count="0" time-queued="00:00:00"/>
	<queue name="D2L.LP.Distributed.Events#D2L.LE.QuestionCollection.Domain.Entities.Events.QuizQuestionUpdateEvent,D2L.LE.QuestionCollection" message-count="0" dead-message-count="0" time-queued="00:00:00"/>
	<queue name="D2L.LP.Distributed.Events#D2L.LE.Quizzes.Domain.Entities.Events.QuizCreateEvent,D2L.LE.Quizzing" message-count="0" dead-message-count="0" time-queued="00:00:00"/>
	<queue name="D2L.LP.Distributed.Events#D2L.LE.Quizzes.Domain.Entities.Events.QuizDeleteEvent,D2L.LE.Quizzing" message-count="0" dead-message-count="0" time-queued="00:00:00"/>
	<queue name="D2L.LP.Distributed.Events#D2L.LE.Quizzes.Domain.Entities.Events.QuizUpdateEvent,D2L.LE.Quizzing" message-count="0" dead-message-count="0" time-queued="00:00:00"/>
	<queue name="D2L.LP.Distributed.Events#D2L.LE.Quizzing.Events.QuizAttemptDeletedEvent,D2L.LE.Quizzing" message-count="0" dead-message-count="0" time-queued="00:00:00"/>
	<queue name="D2L.LP.Distributed.Events#D2L.LE.Quizzing.Events.QuizAttemptedEvent,D2L.LE.Quizzing" message-count="0" dead-message-count="0" time-queued="00:00:00"/>
	<queue name="D2L.LP.Distributed.Events#D2L.LE.Quizzing.Events.QuizEndDateApproachingEvent,D2L.LE.Quizzing" message-count="0" dead-message-count="0" time-queued="00:00:00"/>
	<queue name="D2L.LP.Distributed.Events#D2L.LE.Quizzing.Events.QuizSingleUserEndDateApproachingEvent,D2L.LE.Quizzing" message-count="0" dead-message-count="0" time-queued="00:00:00"/>
	<queue name="D2L.LP.Distributed.Events#D2L.LE.Quizzing.Events.QuizSpecialAccessEndDateApproachingEvent,D2L.LE.Quizzing" message-count="0" dead-message-count="0" time-queued="00:00:00"/>
	<queue name="D2L.LP.Distributed.Events#D2L.LE.Scorm.Events.ScormActivityPushResultsToGradeItem,D2L.LE.Scorm" message-count="0" dead-message-count="0" time-queued="00:00:00"/>
	<queue name="D2L.LP.Distributed.Events#D2L.LE.Scorm.Events.ScormActivityTerminated,D2L.LE.Scorm" message-count="0" dead-message-count="0" time-queued="00:00:00"/>
	<queue name="D2L.LP.Distributed.Events#D2L.LE.SelfAssessment.Events.SelfAssessmentAttemptedEvent,D2L.LE.SelfAssessment" message-count="0" dead-message-count="0" time-queued="00:00:00"/>
	<queue name="D2L.LP.Distributed.Events#D2L.LE.Survey.Events.SurveyAttemptDeletedEvent,D2L.LE.Survey" message-count="0" dead-message-count="0" time-queued="00:00:00"/>
	<queue name="D2L.LP.Distributed.Events#D2L.LE.Survey.Events.SurveyAttemptedEvent,D2L.LE.Survey" message-count="0" dead-message-count="0" time-queued="00:00:00"/>
	<queue name="D2L.LP.Distributed.Events#D2L.LP.ConditionalRelease.Events.ConditionSetMetEvent,D2L.LP" message-count="0" dead-message-count="0" time-queued="00:00:00"/>
	<queue name="D2L.LP.Distributed.Events#D2L.LP.Demos.Desire2Bank.Domain.ATM.Events.TransactionEvent,D2L.LP.Demos.Desire2Bank" message-count="0" dead-message-count="0" time-queued="00:00:00"/>
	<queue name="D2L.LP.Distributed.Events#D2L.LP.Demos.TodoList.Domain.TodoItemCreatedEvent,D2L.LP.Demos.TodoList" message-count="0" dead-message-count="0" time-queued="00:00:00"/>
	<queue name="D2L.LP.Distributed.Events#D2L.LP.Distributed.Events.Domain.Fail`1[[D2L.LE.Dropbox.Domain.Entities.Dropbox.Events.DropboxCreateEvent,D2L.LE.Dropbox]],D2L.LP" message-count="0" dead-message-count="0" time-queued="00:00:00"/>
	<queue name="D2L.LP.Distributed.Events#D2L.LP.Distributed.Events.Domain.Fail`1[[D2L.LE.Dropbox.Domain.Entities.SpecialAccess.Events.DropboxSpecialAccessDeleteEvent,D2L.LE.Dropbox]],D2L.LP" message-count="0" dead-message-count="0" time-queued="00:00:00"/>
	<queue name="D2L.LP.Distributed.Events#D2L.LP.Distributed.Events.Domain.Fail`1[[D2L.LP.Users.Management.Events.OrgUserDeleteEvent,D2L.LP]],D2L.LP" message-count="0" dead-message-count="0" time-queued="00:00:00"/>
	<queue name="D2L.LP.Distributed.Events#D2L.LP.Distributed.Events.Domain.Success`1[[D2L.LE.Dropbox.Domain.Entities.Dropbox.Events.DropboxCreateEvent,D2L.LE.Dropbox]],D2L.LP" message-count="0" dead-message-count="0" time-queued="00:00:00"/>
	<queue name="D2L.LP.Distributed.Events#D2L.LP.Distributed.Events.Domain.Success`1[[D2L.LE.Dropbox.Domain.Entities.SpecialAccess.Events.DropboxSpecialAccessDeleteEvent,D2L.LE.Dropbox]],D2L.LP" message-count="0" dead-message-count="0" time-queued="00:00:00"/>
	<queue name="D2L.LP.Distributed.Events#D2L.LP.Distributed.Events.Domain.Success`1[[D2L.LP.Users.Management.Events.OrgUserDeleteEvent,D2L.LP]],D2L.LP" message-count="0" dead-message-count="0" time-queued="00:00:00"/>
	<queue name="D2L.LP.Distributed.Events#D2L.LP.Distributed.WorkQueues.Events.WorkQueueEvent,D2L.LP" message-count="0" dead-message-count="0" time-queued="00:00:00"/>
	<queue name="D2L.LP.Distributed.Events#D2L.LP.Enrollments.Events.EnrollmentChangeEvent,D2L.LP" message-count="0" dead-message-count="0" time-queued="00:00:00"/>
	<queue name="D2L.LP.Distributed.Events#D2L.LP.Feeds.Users.Events.UserFeedMessageAdded,D2L.LP" message-count="0" dead-message-count="0" time-queued="00:00:00"/>
	<queue name="D2L.LP.Distributed.Events#D2L.LP.Notifications2.Carriers.SMS.UserSettings.Events.CreateSmsVerification,D2L.LP" message-count="0" dead-message-count="0" time-queued="00:00:00"/>
	<queue name="D2L.LP.Distributed.Events#D2L.LP.Security.Authentication.Credentials.Domain.Events.PasswordChangedEvent,D2L.LP" message-count="0" dead-message-count="0" time-queued="00:00:00"/>
	<queue name="D2L.LP.Distributed.Events#D2L.LP.Security.Authentication.Sessions.Events.SessionEndedEvent,D2L.LP" message-count="0" dead-message-count="0" time-queued="00:00:00"/>
	<queue name="D2L.LP.Distributed.Events#D2L.LP.Tools.DataPurgeArchive.PurgeTasks.Events.AbortPurgeTaskEvent,D2L.LP.Tools.DataPurgeArchive" message-count="0" dead-message-count="0" time-queued="00:00:00"/>
	<queue name="D2L.LP.Distributed.Events#D2L.LP.Tools.DataPurgeArchive.PurgeTasks.Events.PausePurgeTaskEvent,D2L.LP.Tools.DataPurgeArchive" message-count="0" dead-message-count="0" time-queued="00:00:00"/>
	<queue name="D2L.LP.Distributed.Events#D2L.LP.Tools.DataPurgeArchive.PurgeTasks.Scheduling.Events.OrgScheduledEvent,D2L.LP.Tools.DataPurgeArchive" message-count="0" dead-message-count="0" time-queued="00:00:00"/>
	<queue name="D2L.LP.Distributed.Events#D2L.LP.Tools.DataPurgeArchive.PurgeTasks.Scheduling.Events.OrgUnscheduledEvent,D2L.LP.Tools.DataPurgeArchive" message-count="0" dead-message-count="0" time-queued="00:00:00"/>
	<queue name="D2L.LP.Distributed.Events#D2L.LP.Users.Events.UserAddedToOrg,D2L.LP" message-count="0" dead-message-count="0" time-queued="00:00:00"/>
	<queue name="D2L.LP.Distributed.Events#D2L.LP.Users.Management.Events.OrgUserDeleteEvent,D2L.LP" message-count="0" dead-message-count="0" time-queued="00:00:00"/>
	<queue name="D2L.LP.Distributed.Events#D2L.PlatformTools.Homepage.Events.HomepageComponentRemoved,D2L.PlatformTools.Homepage" message-count="0" dead-message-count="0" time-queued="00:00:00"/>
	<queue name="D2L.LP.Distributed.Events#D2L.PlatformTools.Navbars.Domain.Templates.DefaultTemplateUpdatedEvent,D2L.PlatformTools.Navbars" message-count="0" dead-message-count="0" time-queued="00:00:00"/>
	<queue name="D2L.LP.WebExtensibility.Events.Notifications" message-count="0" dead-message-count="0" time-queued="00:00:00"/>
	<queue name="D2L.LP.Distributed.WorkQueues#D2L.LP.Security.Authorization.Enrollments.Management.Default.Workers.EnrollmentWorkItem,D2L.LP" message-count="0" dead-message-count="0" time-queued="00:00:00"/>
	<queue name="aaa" message-count="0" dead-message-count="0" time-queued="00:00:00"/>
	<queue name="bbb" message-count="0" dead-message-count="0" time-queued="00:00:00"/>
</queues>